time,speed_ms,speed_kmh,motor_rpm,motor_torque,motor_power,tractive_force,rolling_resistance,drag_force,climbing_force,total_resistance,net_force,acceleration,distance,energy
0.5,1.2842041144901608,4.623134812164579,229.07480209809017,74.0,1.7751606313049428,1382.3041144901608,98.10000000000001,0.0,0.0,98.10000000000001,1284.204114490161,2.5684082289803216,0.0003210510286225402,0.00024655008768124204
1.0,2.5645689374568574,9.232448174844688,457.46475594191077,74.0,3.5450141941402746,1382.3041144901608,98.10000000000001,3.8392915234638108,0.0,101.93929152346382,1280.364822966697,2.5607296459333937,0.0012832442916092947,0.0007389131702007247
1.5,3.833461763739211,13.80046234946116,683.8083486656542,74.0,4.0,1382.3041144901608,98.10000000000001,15.311288207806891,0.0,113.4112882078069,1268.892826282354,2.537785652564708,0.002882751966908312,0.0012944687257562802
2.0,5.083454919298422,18.30043770947432,906.7806406111393,74.0,4.0,1382.3041144901608,98.10000000000001,34.21095893094967,0.0,132.31095893094968,1249.9931555592111,2.4999863111184224,0.005111981137667721,0.0018500242813118356
2.5,6.307499989390879,22.706999961807167,1125.1243439420487,74.0,4.0,1382.3041144901608,98.10000000000001,60.15904439770356,0.0,158.25904439770358,1224.0450700924573,2.4480901401849144,0.007959719864840047,0.0024055798368673915
3.0,7.499085657242606,26.99670836607338,1337.6779777188901,74.0,4.0,1382.3041144901608,98.10000000000001,92.61844663843434,0.0,190.71844663843433,1191.5856678517266,2.3831713357034534,0.011411366276498419,0.002961135392422947
3.5,8.652371698635594,31.14853811508814,1543.3997696938939,74.0,4.0,1382.3041144901608,98.10000000000001,130.91807309717262,0.0,229.01807309717265,1153.2860413929882,2.3065720827859764,0.015449230615467968,0.0035166909479785024
4.0,9.762293501291332,35.144256604648795,1741.386300354294,74.0,4.0,1382.3041144901608,98.10000000000001,174.2823118344233,0.0,272.3823118344233,1109.9218026557376,2.219843605311475,0.0200528969154497,0.004072246503534058
4.5,10.824633688165827,38.968681277396975,1930.8852790004864,74.0,4.0,1382.3041144901608,98.10000000000001,221.8639276156664,0.0,319.9639276156664,1062.3401868744945,2.124680373748989,0.02519962871281399,0.004627802059089613
5.0,11.836059769899624,42.609815171638644,2111.302260145263,74.0,4.0,1382.3041144901608,98.10000000000001,272.77803275636467,0.0,370.8780327563647,1011.4260817337961,2.0228521634675922,0.030864802077330354,0.0051833576146451685
5.5,12.794128984668975,46.058864344808306,2282.20150684071,74.0,4.0,1382.3041144901608,98.10000000000001,326.1348997208094,0.0,424.23489972080944,958.0692147693514,1.916138429538703,0.037022349265972504,0.005738913170200724
6.0,13.6972633926422,49.310148213511916,2443.3015480569597,74.0,4.0,1382.3041144901608,98.10000000000001,381.0697065169353,0.0,479.1697065169353,903.1344079732255,1.806268815946451,0.04364519736030029,0.006294468725756279
6.5,14.544699730218776,52.36091902878759,2594.4662337410214,74.0,4.0,1382.3041144901608,98.10000000000001,436.7677769135847,0.0,534.8677769135847,847.4363375765761,1.6948726751531522,0.05070568814101554,0.006850024281311835
7.0,15.336419425025033,55.21110993009012,2735.692250974977,74.0,4.0,1382.3041144901608,98.10000000000001,492.4844196839025,0.0,590.5844196839025,791.7196948062583,1.5834393896125165,0.05817596792982648,0.00740557983686739
7.5,16.07306452841869,57.86303230230729,2746.0,74.0,4.0,1382.3041144901608,98.10000000000001,547.5590110965039,0.0,645.659011096504,736.6451033936569,1.4732902067873137,0.06602833891818742,0.007961135392422946
8.0,16.755845199945643,60.32104271980432,2746.0,74.0,4.0,1382.3041144901608,98.10000000000001,601.4234429632075,0.0,699.5234429632076,682.7806715269533,1.3655613430539064,0.0742355663502785,0.008516690947978502
8.5,17.386443879443153,62.59119796599535,2746.0,74.0,4.0,1382.3041144901608,98.10000000000001,653.6054349926526,0.0,751.7054349926526,630.5986794975082,1.2611973589950165,0.0827711386201257,0.009072246503534057
9.0,17.96692052709371,64.68091389753735,2746.0,74.0,4.0,1382.3041144901608,98.10000000000001,703.7274668396053,0.0,801.8274668396053,580.4766476505555,1.160953295301111,0.09160947972175991,0.009627802059089613
9.5,18.499622418631645,66.59864070707393,2746.0,74.0,4.0,1382.3041144901608,98.10000000000001,751.5022229522262,0.0,849.6022229522263,532.7018915379346,1.0654037830758691,0.10072611545819124,0.010183357614645167
10.0,18.987101056138652,68.35356380209915,2746.0,74.0,4.0,1382.3041144901608,98.10000000000001,796.725476983153,0.0,894.8254769831531,487.47863750700776,0.9749572750140155,0.11009779632688382,0.010738913170200723
10.5,19.432037875459514,69.95533635165425,2746.0,74.0,4.0,1382.3041144901608,98.10000000000001,839.2672951692982,0.0,937.3672951692982,444.9368193208626,0.8898736386417252,0.11970258105978338,0.011294468725756278
11.0,19.83717965447729,71.41384675611825,2746.0,74.0,4.0,1382.3041144901608,98.10000000000001,879.0623354723865,0.0,977.1623354723865,405.1417790177743,0.8102835580355486,0.12951988544226756,0.011850024281311834
11.5,20.2052838831802,72.73902197944872,2746.0,74.0,4.0,1382.3041144901608,98.10000000000001,916.0998857872501,0.0,1014.1998857872501,368.10422870291075,0.7362084574058215,0.13953050132668193,0.01240557983686739
12.0,20.53907385712019,73.94066588563268,2746.0,74.0,4.0,1382.3041144901608,98.10000000000001,950.4141405501709,0.0,1048.5141405501709,333.78997393999,0.66757994787998,0.14971659076175703,0.012961135392422945
12.5,20.841202895783972,75.0283304248223,2746.0,74.0,4.0,1382.3041144901608,98.10000000000001,982.0750758263782,0.0,1080.1750758263781,302.1290386637827,0.6042580773275654,0.16006165994998306,0.013516690947978499
13.0,21.114226851876683,76.01121666675606,2746.0,74.0,4.0,1382.3041144901608,98.10000000000001,1011.1801583974494,0.0,1109.2801583974494,273.0239560927114,0.5460479121854228,0.17055051738689825,0.014072246503534055
13.5,21.3605839464806,76.89810220733015,2746.0,74.0,4.0,1382.3041144901608,98.10000000000001,1037.8470198862442,0.0,1135.947019886244,246.35709460391672,0.49271418920783344,0.18116922008648753,0.01462780205908961
14.0,21.582580916638108,77.69729129989719,2746.0,74.0,4.0,1382.3041144901608,98.10000000000001,1062.207144332653,0.0,1160.3071443326528,221.99697015750803,0.44399394031501604,0.19190501130226723,0.015183357614645166
14.5,21.782384475002186,78.41658411000788,2746.0,74.0,4.0,1382.3041144901608,98.10000000000001,1084.4005561260828,0.0,1182.5005561260828,199.80355836407807,0.39960711672815613,0.2027462526501773,0.015738913170200722
15.0,21.962017136977998,79.0632616931208,2746.0,74.0,4.0,1382.3041144901608,98.10000000000001,1104.5714525143483,0.0,1202.6714525143482,179.63266197581265,0.3592653239516253,0.21368235305317235,0.016294468725756277
15.5,22.123356553492556,79.64408359257321,2746.0,74.0,4.0,1382.3041144901608,98.10000000000001,1122.864697975603,0.0,1220.9646979756028,161.33941651455802,0.32267883302911604,0.22470369647578997,0.016850024281311837
16.0,22.268137584693502,80.1652953048966,2746.0,74.0,4.0,1382.3041144901608,98.10000000000001,1139.4230832892158,0.0,1237.5230832892157,144.7810312009451,0.2895620624018902,0.2358015700103365,0.017405579836867392
16.5,22.39795645211299,80.63264322760676,2746.0,74.0,4.0,1382.3041144901608,98.10000000000001,1154.3852470706743,0.0,1252.4852470706742,129.81886741948665,0.2596377348389733,0.2469680935195381,0.01796113539242295
17.0,22.514276407481965,81.05139506693507,2746.0,74.0,4.0,1382.3041144901608,98.10000000000001,1167.8841591211858,0.0,1265.9841591211857,116.31995536897512,0.23263991073795023,0.25819615173443683,0.018516690947978507
17.5,22.618434451041107,81.426364023748,2746.0,74.0,4.0,1382.3041144901608,98.10000000000001,1180.046070931018,0.0,1278.146070931018,104.15804355914293,0.20831608711828584,0.2694793294490676,0.019072246503534063
18.0,22.71164871823792,81.76193538565651,2746.0,74.0,4.0,1382.3041144901608,98.10000000000001,1190.9898472933487,0.0,1289.0898472933486,93.21426719681222,0.18642853439362445,0.2808118502413874,0.019627802059089622
18.5,22.795026229826597,82.06209442737575,2746.0,74.0,4.0,1382.3041144901608,98.10000000000001,1200.8266029014858,0.0,1298.9266029014857,83.37751158867513,0.16675502317735028,0.29218851897840353,0.020183357614645177
19.0,22.86957076625133,82.33045475850479,2746.0,74.0,4.0,1382.3041144901608,98.10000000000001,1209.6595780654275,0.0,1307.7595780654274,74.54453642473345,0.1490890728494669,0.30360466822742305,0.020738913170200737
19.5,22.93619068308965,82.57028645912274,2746.0,74.0,4.0,1382.3041144901608,98.10000000000001,1217.5841976518402,0.0,1315.6841976518401,66.6199168383207,0.1332398336766414,0.31505610858975824,0.021294468725756292
20.0,22.99570653095697,82.7845435114451,2746.0,74.0,4.0,1382.3041144901608,98.10000000000001,1224.6882666228407,0.0,1322.7882666228406,59.51584786732019,0.11903169573464038,0.3265390828932699,0.02185002428131185
20.5,23.048858381545944,82.9758901735654,2746.0,74.0,4.0,1382.3041144901608,98.10000000000001,1231.0522639011842,0.0,1329.1522639011841,53.151850588976686,0.10630370117795337,0.3380502241213956,0.022405579836867407
21.0,23.096312792407822,83.14672605266816,2746.0,74.0,4.0,1382.3041144901608,98.10000000000001,1236.7497036282816,0.0,1334.8497036282815,47.454410861879296,0.0949088217237586,0.34958651691488407,0.022961135392422963
21.5,23.138669367698146,83.29920972371333,2746.0,74.0,4.0,1382.3041144901608,98.10000000000001,1241.8475391998377,0.0,1339.9475391998376,42.356575290323235,0.08471315058064648,0.3611452624549106,0.023516690947978522
22.0,23.176466891377693,83.4352808089597,2746.0,74.0,4.0,1382.3041144901608,98.10000000000001,1246.4065908106152,0.0,1344.506590810615,37.79752367954575,0.07559504735909149,0.3727240465196795,0.024072246503534078
22.5,23.210189024171584,83.5566804870177,2746.0,74.0,4.0,1382.3041144901608,98.10000000000001,1250.4819816962704,0.0,1348.5819816962703,33.72213279389052,0.06744426558778105,0.3843207104985668,0.024627802059089637
23.0,23.240269566737805,83.6649704402561,2746.0,74.0,4.0,1382.3041144901608,98.10000000000001,1254.1235719239405,0.0,1352.2235719239404,30.0805425662204,0.060161085132440804,0.3959333251462942,0.025183357614645192
23.5,23.267097299671324,83.76155027881677,2746.0,74.0,4.0,1382.3041144901608,98.10000000000001,1257.3763815566408,0.0,1355.4763815566407,26.82773293352011,0.053655465867040224,0.4075601668628964,0.025738913170200748
24.0,23.29102041676196,83.84767350034306,2746.0,74.0,4.0,1382.3041144901608,98.10000000000001,1260.2809973995236,0.0,1358.3809973995235,23.923117090637334,0.04784623418127467,0.41919969629200476,0.026294468725756307
24.5,23.312350571830358,83.92446205858928,2746.0,74.0,4.0,1382.3041144901608,98.10000000000001,1262.8739594217643,0.0,1360.9739594217642,21.330155068396607,0.042660310136793216,0.4308505390391529,0.026850024281311863
25.0,23.331366561900353,83.99291962284127,2746.0,74.0,4.0,1382.3041144901608,98.10000000000001,1265.188124420164,0.0,1363.288124420164,19.01599006999686,0.03803198013999372,0.44251146832258553,0.027405579836867422
25.5,23.34831767076718,84.05394361476185,2746.0,74.0,4.0,1382.3041144901608,98.10000000000001,1267.253005623334,0.0,1365.353005623334,16.95110886682687,0.03390221773365374,0.4541813893807524,0.027961135392422978
26.0,23.363426697465165,84.1083361108746,2746.0,74.0,4.0,1382.3041144901608,98.10000000000001,1269.0950877921773,0.0,1367.1950877921772,15.109026697983609,0.03021805339596722,0.4658593254728105,0.028516690947978537
26.5,23.376892693947983,84.15681369821274,2746.0,74.0,4.0,1382.3041144901608,98.10000000000001,1270.7381180073437,0.0,1368.8381180073436,13.465996482817218,0.026931992965634435,0.4775444053206638,0.029072246503534092
27.0,23.388893435645436,84.20001636832357,2746.0,74.0,4.0,1382.3041144901608,98.10000000000001,1272.2033727927071,0.0,1370.303372792707,12.000741697453805,0.02400148339490761,0.4892358518530621,0.029627802059089648
27.5,23.399587647592416,84.2385155313327,2746.0,74.0,4.0,1382.3041144901608,98.10000000000001,1273.5099025431814,0.0,1371.6099025431813,10.694211946979522,0.021388423893959042,0.5009329721238716,0.030183357614645207
28.0,23.409117007646483,84.27282122752734,2746.0,74.0,4.0,1382.3041144901608,98.10000000000001,1274.6747544360933,0.0,1372.7747544360932,9.529360054067638,0.019058720108135276,0.5126351482876813,0.030738913170200763
28.5,23.417607947003795,84.30338860921367,2746.0,74.0,4.0,1382.3041144901608,98.10000000000001,1275.7131751328482,0.0,1373.813175132848,8.490939357312755,0.01698187871462551,0.5243418295263439,0.03129446872575632
29.0,23.425173266852063,84.33062376066744,2746.0,74.0,4.0,1382.3041144901608,98.10000000000001,1276.6387946418913,0.0,1374.7387946418912,7.56531984826961,0.01513063969653922,0.5360525248298078,0.03185002428131188
29.5,23.431913588611234,84.35488891900044,2746.0,74.0,4.0,1382.3041144901608,98.10000000000001,1277.4637927309907,0.0,1375.5637927309906,6.740321759170229,0.013480643518340458,0.5477667965436737,0.03240557983686743
30.0,23.437918653841987,84.37650715383116,2746.0,74.0,4.0,1382.3041144901608,98.10000000000001,1278.1990492594068,0.0,1376.2990492594067,6.005065230754099,0.012010130461508197,0.559484254604287,0.032961135392422986
30.5,23.443268488573608,84.39576655886499,2746.0,74.0,4.0,1382.3041144901608,98.10000000000001,1278.8542797585378,0.0,1376.9542797585377,5.349834731623105,0.010699669463246209,0.5712045513898909,0.033516690947978545
31.0,23.4480344455329,84.41292400391845,2746.0,74.0,4.0,1382.3041144901608,98.10000000000001,1279.438157530867,0.0,1377.538157530867,4.765956959293817,0.009531913918587634,0.5829273771234175,0.034072246503534104
31.5,23.452280136555547,84.42820849159997,2746.0,74.0,4.0,1382.3041144901608,98.10000000000001,1279.9584234675135,0.0,1378.0584234675134,4.2456910226474065,0.008491382045294813,0.5946524557689397,0.03462780205908966
32.0,23.45606226633681,84.44182415881252,2746.0,74.0,4.0,1382.3041144901608,98.10000000000001,1280.4219847088966,0.0,1378.5219847088965,3.7821297812643024,0.007564259562528605,0.6063795413696627,0.035183357614645215
32.5,23.45943137763257,84.45395295947725,2746.0,74.0,4.0,1382.3041144901608,98.10000000000001,1280.8350031944037,0.0,1378.9350031944036,3.369111295757193,0.006738222591514386,0.618108414780655,0.035738913170200774
33.0,23.46243251705474,84.46475706139707,2746.0,74.0,4.0,1382.3041144901608,98.10000000000001,1281.2029750679903,0.0,1379.3029750679902,3.0011394221705814,0.006002278844341163,0.6298388807543268,0.03629446872575633
33.5,23.465105829715714,84.47438098697657,2746.0,74.0,4.0,1382.3041144901608,98.10000000000001,1281.5308018291853,0.0,1379.6308018291852,2.6733126609756255,0.005346625321951251,0.6415707653410194,0.036850024281311886
34.0,23.467487090161637,84.48295352458189,2746.0,74.0,4.0,1382.3041144901608,98.10000000000001,1281.8228540442376,0.0,1379.9228540442375,2.381260445923317,0.004762520891846634,0.6533039135709887,0.037405579836867445
34.5,23.469608176290766,84.49058943464676,2746.0,74.0,4.0,1382.3041144901608,98.10000000000001,1282.0830283610305,0.0,1380.1830283610304,2.12108612913039,0.00424217225826078,0.6650381873876019,0.037961135392423004
35.0,23.47149749227655,84.49739097219559,2746.0,74.0,4.0,1382.3041144901608,98.10000000000001,1282.3147985043745,0.0,1380.4147985043744,1.8893159857864248,0.0037786319715728497,0.6767734638047437,0.03851669094797856
35.5,23.473180345901003,84.50344924524362,2746.0,74.0,4.0,1382.3041144901608,98.10000000000001,1282.5212608657107,0.0,1380.6212608657106,1.6828536244502175,0.003365707248900435,0.688509633264288,0.039072246503534115
36.0,23.474679285147985,84.50884542653274,2746.0,74.0,4.0,1382.3041144901608,98.10000000000001,1282.7051752431778,0.0,1380.8051752431777,1.4989392469831273,0.0029978784939662544,0.7002465981720503,0.039627802059089674
36.5,23.47601439840373,84.51365183425344,2746.0,74.0,4.0,1382.3041144901608,98.10000000000001,1282.8690012344143,0.0,1380.9690012344142,1.3351132557465917,0.0026702265114931832,0.7119842715929383,0.04018335761464523
37.0,23.4772035821586,84.51793289577097,2746.0,74.0,4.0,1382.3041144901608,98.10000000000001,1283.0149307352901,0.0,1381.11493073529,1.1891837548707826,0.002378367509741565,0.7237225760880789,0.040738913170200786
37.5,23.478262779696017,84.52174600690566,2746.0,74.0,4.0,1382.3041144901608,98.10000000000001,1283.144916952745,0.0,1381.244916952745,1.059197537415912,0.002118395074831824,0.7354614426785425,0.041294468725756345
38.0,23.47920619388725,84.52514229799411,2746.0,74.0,4.0,1382.3041144901608,98.10000000000001,1283.2607002989255,0.0,1381.3607002989254,0.9434141912354335,0.001886828382470867,0.7472008099219384,0.041850024281311904
38.5,23.48004647688088,84.52816731677117,2746.0,74.0,4.0,1382.3041144901608,98.10000000000001,1283.3638314965312,0.0,1381.4638314965312,0.8402829936296712,0.0016805659872593424,0.7589406230896303,0.04240557983686746
39.0,23.48079489917954,84.53086163704634,2746.0,74.0,4.0,1382.3041144901608,98.10000000000001,1283.4556921915,0.0,1381.5556921915,0.7484222986608984,0.0014968445973217968,0.7706808334336454,0.042961135392423015
39.5,23.4814615003311,84.53326140119196,2746.0,74.0,4.0,1382.3041144901608,98.10000000000001,1283.537513338598,0.0,1381.637513338598,0.6666011515628725,0.001333202303125745,0.782421397533523,0.043516690947978574
40.0,23.482055223223377,84.53539880360415,2746.0,74.0,4.0,1382.3041144901608,98.10000000000001,1283.6103915978858,0.0,1381.7103915978857,0.5937228922750819,0.0011874457845501638,0.7941622767144118,0.044072246503534133
40.5,23.482584033758375,84.53730252153015,2746.0,74.0,4.0,1382.3041144901608,98.10000000000001,1283.6753039551609,0.0,1381.7753039551608,0.5288105350000478,0.0010576210700000957,0.8059034365286571,0.044627802059089686
41.0,23.48305502749146,84.53899809896926,2746.0,74.0,4.0,1382.3041144901608,98.10000000000001,1283.7331207570753,0.0,1381.8331207570752,0.47099373308560644,0.0009419874661712129,0.8176448462939696,0.045183357614645245
41.5,23.483474524650102,84.54050828874037,2746.0,74.0,4.0,1382.3041144901608,98.10000000000001,1283.7846173315188,0.0,1381.8846173315187,0.4194971586421161,0.0008389943172842322,0.8293864786820051,0.045738913170200804
42.0,23.48384815479452,84.54185335726027,2746.0,74.0,4.0,1382.3041144901608,98.10000000000001,1283.8304843457447,0.0,1381.9304843457446,0.3736301444162109,0.0007472602888324218,0.8411283093518663,0.04629446872575636
42.5,23.484180932246144,84.54305135608612,2746.0,74.0,4.0,1382.3041144901608,98.10000000000001,1283.8713370385342,0.0,1381.971337038534,0.33277745162672545,0.0006655549032534509,0.8528703166236264,0.046850024281311915
43.0,23.48447732328818,84.54411836383744,2746.0,74.0,4.0,1382.3041144901608,98.10000000000001,1283.907723448126,0.0,1382.007723448126,0.29639104203488387,0.0005927820840697678,0.86461248118751,0.047405579836867474
43.5,23.48474130603371,84.54506870172135,2746.0,74.0,4.0,1382.3041144901608,98.10000000000001,1283.9401317446298,0.0,1382.0401317446297,0.2639827455311661,0.0005279654910623321,0.8763547858448404,0.047961135392423034
44.0,23.484976423759903,84.54591512553566,2746.0,74.0,4.0,1382.3041144901608,98.10000000000001,1283.9689967639667,0.0,1382.0689967639667,0.2351177261941757,0.0004702354523883514,0.8880972152772888,0.048516690947978586
44.5,23.485185832420093,84.54666899671234,2746.0,74.0,4.0,1382.3041144901608,98.10000000000001,1283.9947058299722,0.0,1382.094705829972,0.2094086601887284,0.0004188173203774568,0.8998397558413338,0.049072246503534145
45.0,23.48537234296832,84.54734043468595,2746.0,74.0,4.0,1382.3041144901608,98.10000000000001,1284.0176039419352,0.0,1382.1176039419352,0.18651054822566948,0.00037302109645133896,0.9115823953851809,0.049627802059089704
45.5,23.48553845906194,84.54793845262299,2746.0,74.0,4.0,1382.3041144901608,98.10000000000001,1284.037998396541,0.0,1382.137998396541,0.16611609361984847,0.00033223218723969696,0.9233251230856885,0.05018335761464526
46.0,23.485686410646384,84.54847107832698,2746.0,74.0,4.0,1382.3041144901608,98.10000000000001,1284.0561629057163,0.0,1382.1561629057162,0.14795158444462686,0.00029590316888925374,0.9350679293031156,0.050738913170200815
46.5,23.48581818387132,84.54894546193675,2746.0,74.0,4.0,1382.3041144901608,98.10000000000001,1284.0723412652248,0.0,1382.1723412652248,0.1317732249360688,0.0002635464498721376,0.946810805451745,0.051294468725756374
47.0,23.485935547738556,84.5493679718588,2746.0,74.0,4.0,1382.3041144901608,98.10000000000001,1284.086750622924,0.0,1382.186750622924,0.11736386723691794,0.00023472773447383587,0.9585537438846474,0.051850024281311934
47.5,23.486040077838428,84.54974428021835,2746.0,74.0,4.0,1382.3041144901608,98.10000000000001,1284.099584390289,0.0,1382.199584390289,0.10453009987190853,0.00020906019974381706,0.9702967377910418,0.052405579836867486
48.0,23.486133177492516,84.55007943897306,2746.0,74.0,4.0,1382.3041144901608,98.10000000000001,1284.1110148360751,0.0,1382.211014836075,0.09309965408579046,0.00018619930817158093,0.9820397811048744,0.052961135392423045
48.5,23.486216096585906,84.55037794770926,2746.0,74.0,4.0,1382.3041144901608,98.10000000000001,1284.1211953967697,0.0,1382.2211953967696,0.0829190933911832,0.0001658381867823664,0.9937828684233941,0.053516690947978604
49.0,23.48628994834135,84.55064381402887,2746.0,74.0,4.0,1382.3041144901608,98.10000000000001,1284.1302627347163,0.0,1382.2302627347162,0.07385175544459344,0.00014770351088918686,1.005525994934626,0.05407224650353416
49.5,23.486355724260072,84.55088060733627,2746.0,74.0,4.0,1382.3041144901608,98.10000000000001,1284.1383385714398,0.0,1382.2383385714397,0.06577591872110133,0.00013155183744220268,1.0172691563527763,0.054627802059089715
50.0,23.486414307429538,84.55109150674633,2746.0,74.0,4.0,1382.3041144901608,98.10000000000001,1284.1455313206945,0.0,1382.2455313206945,0.058583169466373874,0.00011716633893274775,1.0290123488606986,0.055183357614645275
50.5,23.4864664843766,84.55127934375577,2746.0,74.0,4.0,1382.3041144901608,98.10000000000001,1284.1519375430976,0.0,1382.2519375430975,0.052176947063344414,0.00010435389412668883,1.0407555690586503,0.055738913170200834
51.0,23.48651295562494,84.55144664024978,2746.0,74.0,4.0,1382.3041144901608,98.10000000000001,1284.157643241823,0.0,1382.257643241823,0.0464712483378662,9.29424966757324e-05,1.0524988139186506,0.056294468725756386
51.5,23.48655434509839,84.55159564235421,2746.0,74.0,4.0,1382.3041144901608,98.10000000000001,1284.1627250167105,0.0,1382.2627250167104,0.04138947345040833,8.277894690081667e-05,1.0642420807438315,0.056850024281311945
52.0,23.486591208496307,84.55172835058671,2746.0,74.0,4.0,1382.3041144901608,98.10000000000001,1284.1672510922456,0.0,1382.2672510922455,0.0368633979153401,7.37267958306802e-05,1.0759853671322304,0.057405579836867504
52.5,23.48662404075327,84.55184654671177,2746.0,74.0,4.0,1382.3041144901608,98.10000000000001,1284.1712822331974,0.0,1382.2712822331973,0.032832256963502005,6.566451392700401e-05,1.0877286709445426,0.05796113539242306
53.0,23.486653282683257,84.55195181765973,2746.0,74.0,4.0,1382.3041144901608,98.10000000000001,1284.174872560173,0.0,1382.274872560173,0.02924192998784747,5.848385997569494e-05,1.0994719902754018,0.058516690947978615
53.5,23.486679326897384,84.55204557683058,2746.0,74.0,4.0,1382.3041144901608,98.10000000000001,1284.1780702760327,0.0,1382.2780702760326,0.026044214128205567,5.2088428256411135e-05,1.1112153234277968,0.059072246503534175
54.0,23.486702523074648,84.55212908306873,2746.0,74.0,4.0,1382.3041144901608,98.10000000000001,1284.1809183128971,0.0,1382.280918312897,0.023196177263798745,4.639235452759749e-05,1.1229586688902897,0.059627802059089734
54.5,23.48672318265638,84.55220345756297,2746.0,74.0,4.0,1382.3041144901608,98.10000000000001,1284.18345490843,0.0,1382.2834549084298,0.020659581731024446,4.131916346204889e-05,1.1347020253167224,0.060183357614645286
55.0,23.48674158302742,84.55226969889871,2746.0,74.0,4.0,1382.3041144901608,98.10000000000001,1284.1857141191206,0.0,1382.2857141191205,0.01840037104034309,3.680074208068618e-05,1.1464453915081436,0.060738913170200845
55.5,23.486757971240127,84.55232869646446,2746.0,74.0,4.0,1382.3041144901608,98.10000000000001,1284.187726277453,0.0,1382.287726277453,0.01638821270785229,3.277642541570458e-05,1.1581887663967105,0.061294468725756404
56.0,23.486772567331194,84.5523812423923,2746.0,74.0,4.0,1382.3041144901608,98.10000000000001,1284.189518399096,0.0,1382.2895183990959,0.014596091064959182,2.9192182129918366e-05,1.1699321490313532,0.06185002428131196
56.5,23.48678556727578,84.55242804219282,2746.0,74.0,4.0,1382.3041144901608,98.10000000000001,1284.191114545572,0.0,1382.2911145455719,0.012999944588955259,2.5999889177910517e-05,1.1816755385650048,0.062405579836867515
57.0,23.486797145618667,84.55246972422721,2746.0,74.0,4.0,1382.3041144901608,98.10000000000001,1284.1925361472756,0.0,1382.2925361472755,0.011578342885286474,2.315668577057295e-05,1.1934189342432284,0.06296113539242307
57.5,23.486807457817648,84.55250684814354,2746.0,74.0,4.0,1382.3041144901608,98.10000000000001,1284.193802291179,0.0,1382.293802291179,0.01031219898186464,2.062439796372928e-05,1.2051623353940875,0.06351669094797863
58.0,23.486816642330734,84.55253991239064,2746.0,74.0,4.0,1382.3041144901608,98.10000000000001,1284.1949299770738,0.0,1382.2949299770737,0.00918451308712065,1.83690261742413e-05,1.2169057414191244,0.06407224650353419
58.5,23.486824822475093,84.55256936091034,2746.0,74.0,4.0,1382.3041144901608,98.10000000000001,1284.1959343458002,0.0,1382.2959343458,0.008180144360721897,1.6360288721443793e-05,1.228649151785326,0.06462780205908975
59.0,23.486832108082734,84.55259558909785,2746.0,74.0,4.0,1382.3041144901608,98.10000000000001,1284.1968288825199,0.0,1382.2968288825198,0.0072856076410516835,1.4571215282103367e-05,1.2403925660179655,0.0651833576146453
59.5,23.48683859697513,84.55261894911047,2746.0,74.0,4.0,1382.3041144901608,98.10000000000001,1284.1976255977634,0.0,1382.2976255977633,0.006488892397555901,1.2977784795111802e-05,1.2521359836942298,0.06573891317020086
60.0,23.48684437627661,84.5526397545958,2746.0,74.0,4.0,1382.3041144901608,98.10000000000001,1284.19833518868,0.0,1382.2983351886799,0.005779301480970389,1.1558602961940778e-05,1.263879404437543,0.06629446872575642
60.5,23.486849523584116,84.55265828490282,2746.0,74.0,4.0,1382.3041144901608,98.10000000000001,1284.198967182656,0.0,1382.2989671826558,0.005147307505012577,1.0294615010025154e-05,1.275622827912508,0.06685002428131197
61.0,23.486854108009048,84.55267478883258,2746.0,74.0,4.0,1382.3041144901608,98.10000000000001,1284.1995300652295,0.0,1382.2995300652294,0.004584424931408648,9.168849862817296e-06,1.2873662538204063,0.06740557983686753
61.5,23.48685819110519,84.55268948797868,2746.0,74.0,4.0,1382.3041144901608,98.10000000000001,1284.2000313940189,0.0,1382.3000313940188,0.004083096142039722,8.166192284079443e-06,1.2991096818951848,0.06796113539242309
62.0,23.486861827695158,84.55270257970257,2746.0,74.0,4.0,1382.3041144901608,98.10000000000001,1284.2004779001898,0.0,1382.3004779001897,0.0036365899711654492,7.273179942330899e-06,1.310853111899885,0.06851669094797865
62.5,23.486865066606487,84.55271423978336,2746.0,74.0,4.0,1382.3041144901608,98.10000000000001,1284.200875578832,0.0,1382.300875578832,0.003238911328935501,6.477822657871002e-06,1.3225965436234604,0.0690722465035342
63.0,23.4868679513272,84.55272462477792,2746.0,74.0,4.0,1382.3041144901608,98.10000000000001,1284.2012297694498,0.0,1382.3012297694497,0.002884720711108457,5.769441422216914e-06,1.3343399768779436,0.06962780205908976
63.5,23.486870520589708,84.55273387412295,2746.0,74.0,4.0,1382.3041144901608,98.10000000000001,1284.201545227652,0.0,1382.301545227652,0.002569262508814063,5.138525017628126e-06,1.3460834114959228,0.07018335761464532
64.0,23.486872808890865,84.55274211200712,2746.0,74.0,4.0,1382.3041144901608,98.10000000000001,1284.201826189002,0.0,1382.301826189002,0.002288301158841932,4.576602317683864e-06,1.3578268473282928,0.07073891317020087
64.5,23.48687484695514,84.5527494490385,2746.0,74.0,4.0,1382.3041144901608,98.10000000000001,1284.202076425888,0.0,1382.302076425888,0.002038064272937845,4.07612854587569e-06,1.3695702842422544,0.07129446872575643
65.0,23.48687666214713,84.55275598372967,2746.0,74.0,4.0,1382.3041144901608,98.10000000000001,1284.2022992981713,0.0,1382.3022992981712,0.001815191989635423,3.630383979270846e-06,1.3813137221195297,0.07185002428131199
65.5,23.48687827883899,84.55276180382036,2746.0,74.0,4.0,1382.3041144901608,98.10000000000001,1284.202497798298,0.0,1382.302497798298,0.0016166918628641724,3.233383725728345e-06,1.3930571608547764,0.07240557983686755
66.0,23.486879718737672,84.55276698745563,2746.0,74.0,4.0,1382.3041144901608,98.10000000000001,1284.2026745914773,0.0,1382.3026745914772,0.0014398986836567929,2.879797367313586e-06,1.4048006003541704,0.0729611353924231
66.5,23.486881001176368,84.55277160423492,2746.0,74.0,4.0,1382.3041144901608,98.10000000000001,1284.2028320514662,0.0,1382.302832051466,0.0012824386947158928,2.5648773894317855e-06,1.416544040534149,0.07351669094797866
67.0,23.48688214337409,84.55277571614673,2746.0,74.0,4.0,1382.3041144901608,98.10000000000001,1284.2029722924406,0.0,1382.3029722924405,0.001142197720355398,2.284395440710796e-06,1.4282874813202866,0.07407224650353422
67.5,23.486883160666867,84.55277937840073,2746.0,74.0,4.0,1382.3041144901608,98.10000000000001,1284.2030971973818,0.0,1382.3030971973817,0.0010172927791245456,2.034585558249091e-06,1.4400309226462968,0.07462780205908977
68.0,23.48688406671367,84.55278264016921,2746.0,74.0,4.0,1382.3041144901608,98.10000000000001,1284.2032084433579,0.0,1382.3032084433578,0.0009060468030384072,1.8120936060768145e-06,1.451774364453142,0.07518335761464533
68.5,23.486884873679788,84.55278554524723,2746.0,74.0,4.0,1382.3041144901608,98.10000000000001,1284.2033075240427,0.0,1382.3033075240426,0.0008069661182616983,1.6139322365233967e-06,1.4635178066882404,0.07573891317020089
69.0,23.48688559240018,84.55278813264066,2746.0,74.0,4.0,1382.3041144901608,98.10000000000001,1284.2033957697693,0.0,1382.3033957697692,0.0007187203916600993,1.4374407833201986e-06,1.4752612493047605,0.07629446872575645
69.5,23.48688623252495,84.55279043708981,2746.0,74.0,4.0,1382.3041144901608,98.10000000000001,1284.2034743653928,0.0,1382.3034743653927,0.0006401247680969391,1.2802495361938782e-06,1.4870046922609919,0.076850024281312
70.0,23.48688680264891,84.55279248953609,2746.0,74.0,4.0,1382.3041144901608,98.10000000000001,1284.203544366199,0.0,1382.3035443661988,0.000570123962006619,1.140247924013238e-06,1.4987481355197851,0.07740557983686756
70.5,23.486887310426997,84.55279431753719,2746.0,74.0,4.0,1382.3041144901608,98.10000000000001,1284.203606712073,0.0,1382.303606712073,0.0005077780879219063,1.0155561758438125e-06,1.510491579048054,0.07796113539242312
71.0,23.48688776267704,84.55279594563734,2746.0,74.0,4.0,1382.3041144901608,98.10000000000001,1284.203662240118,0.0,1382.303662240118,0.000452250042826563,9.04500085653126e-07,1.52223502281633,0.07851669094797867
71.5,23.486888165471303,84.55279739569669,2746.0,74.0,4.0,1382.3041144901608,98.10000000000001,1284.2037116958982,0.0,1382.303711695898,0.00040279426275446895,8.055885255089379e-07,1.533978466798367,0.07907224650353423
72.0,23.48688852421802,84.55279868718488,2746.0,74.0,4.0,1382.3041144901608,98.10000000000001,1284.2037557434448,0.0,1382.3037557434448,0.0003587467160741653,7.174934321483306e-07,1.5457219109707894,0.07962780205908979
72.5,23.486888843734008,84.55279983744244,2746.0,74.0,4.0,1382.3041144901608,98.10000000000001,1284.203794974175,0.0,1382.303794974175,0.0003195159858933039,6.390319717866077e-07,1.5574653553127773,0.08018335761464535
73.0,23.486889128309336,84.55280086191361,2746.0,74.0,4.0,1382.3041144901608,98.10000000000001,1284.2038299148307,0.0,1382.3038299148307,0.00028457533016990055,5.691506603398011e-07,1.5692087998057882,0.0807389131702009
73.5,23.486889381764943,84.5528017743538,2746.0,74.0,4.0,1382.3041144901608,98.10000000000001,1284.2038610345533,0.0,1382.3038610345532,0.00025345560766254494,5.069112153250899e-07,1.5809522444333068,0.08129446872575646
74.0,23.486889607503922,84.55280258701413,2746.0,74.0,4.0,1382.3041144901608,98.10000000000001,1284.2038887511799,0.0,1382.3038887511798,0.0002257389810438326,4.514779620876652e-07,1.5926956891806239,0.08185002428131202
74.5,23.486889808557226,84.55280331080601,2746.0,74.0,4.0,1382.3041144901608,98.10000000000001,1284.2039134368565,0.0,1382.3039134368564,0.0002010533044085605,4.02106608817121e-07,1.6044391340346391,0.08240557983686757
75.0,23.486889987624355,84.55280395544769,2746.0,74.0,4.0,1382.3041144901608,98.10000000000001,1284.2039354230321,0.0,1382.303935423032,0.00017906712878357212,3.581342575671442e-07,1.6161825789836846,0.08296113539242313
75.5,23.486890147109605,84.55280452959458,2746.0,74.0,4.0,1382.3041144901608,98.10000000000001,1284.203955004911,0.0,1382.303955004911,0.00015948524992381863,3.1897049984763727e-07,1.627926024017368,0.08351669094797869
76.0,23.486890289154353,84.55280504095568,2746.0,74.0,4.0,1382.3041144901608,98.10000000000001,1284.2039724454141,0.0,1382.303972445414,0.0001420447467808117,2.840894935616234e-07,1.639669469126434,0.08407224650353425
76.5,23.4868904156658,84.55280549639689,2746.0,74.0,4.0,1382.3041144901608,98.10000000000001,1284.2039879787117,0.0,1382.3039879787116,0.0001265114492525754,2.530228985051508e-07,1.651412914302639,0.0846278020590898
77.0,23.486890528342595,84.55280590203334,2746.0,74.0,4.0,1382.3041144901608,98.10000000000001,1284.2040018133664,0.0,1382.3040018133663,0.00011267679451520962,2.2535358903041924e-07,1.6631563595386412,0.08518335761464536
77.5,23.486890628697623,84.55280626331144,2746.0,74.0,4.0,1382.3041144901608,98.10000000000001,1284.2040141351329,0.0,1382.3040141351328,0.00010035502805294527,2.0071005610589055e-07,1.6748998048279014,0.08573891317020092
78.0,23.48689071807833,84.552806585082,2746.0,74.0,4.0,1382.3041144901608,98.10000000000001,1284.2040251094534,0.0,1382.3040251094533,8.938070754993532e-05,1.7876141509987066e-07,1.6866432501645954,0.08629446872575647
78.5,23.486890797684815,84.55280687166534,2746.0,74.0,4.0,1382.3041144901608,98.10000000000001,1284.2040348836772,0.0,1382.304034883677,7.960648372318246e-05,1.5921296744636492e-07,1.6983866955435363,0.08685002428131203
79.0,23.486890868585935,84.55280712690937,2746.0,74.0,4.0,1382.3041144901608,98.10000000000001,1284.2040435890415,0.0,1382.3040435890414,7.090111944307864e-05,1.4180223888615727e-07,1.710130140960104,0.08740557983686759
79.5,23.486890931733665,84.5528073542412,2746.0,74.0,4.0,1382.3041144901608,98.10000000000001,1284.2040513424306,0.0,1382.3040513424305,6.314773031590448e-05,1.2629546063180898e-07,1.721873586410184,0.08796113539242315
80.0,23.486890987975876,84.55280755671316,2746.0,74.0,4.0,1382.3041144901608,98.10000000000001,1284.2040582479485,0.0,1382.3040582479484,5.62422123948636e-05,1.124844247897272e-07,1.7336170318901114,0.0885166909479787
80.5,23.486891038067725,84.5528077370438,2746.0,74.0,4.0,1382.3041144901608,98.10000000000001,1284.2040643983134,0.0,1382.3040643983134,5.009184746995743e-05,1.0018369493991486e-07,1.7453604773966223,0.08907224650353426
81.0,23.48689108268178,84.5528078976544,2746.0,74.0,4.0,1382.3041144901608,98.10000000000001,1284.204069876106,0.0,1382.3040698761058,4.4614055013880716e-05,8.922811002776144e-08,1.7571039229268095,0.08962780205908982
81.5,23.486891122417067,84.55280804070144,2746.0,74.0,4.0,1382.3041144901608,98.10000000000001,1284.2040747548742,0.0,1382.3040747548741,3.973528669121151e-05,7.947057338242302e-08,1.7688473684780843,0.09018335761464537
82.0,23.486891157807104,84.55280816810557,2746.0,74.0,4.0,1382.3041144901608,98.10000000000001,1284.204079100125,0.0,1382.304079100125,3.539003591868095e-05,7.07800718373619e-08,1.7805908140481403,0.09073891317020093
82.5,23.486891189327064,84.55280828157743,2746.0,74.0,4.0,1382.3041144901608,98.10000000000001,1284.2040829702016,0.0,1382.3040829702015,3.151995929329132e-05,6.303991858658265e-08,1.7923342596349239,0.09129446872575649
83.0,23.48689121740016,84.55280838264058,2746.0,74.0,4.0,1382.3041144901608,98.10000000000001,1284.2040864170656,0.0,1382.3040864170655,2.807309533636726e-05,5.614619067273452e-08,1.8040777052366057,0.09185002428131205
83.5,23.486891242403324,84.55280847265198,2746.0,74.0,4.0,1382.3041144901608,98.10000000000001,1284.204089486998,0.0,1382.304089486998,2.500316281839332e-05,5.0006325636786643e-08,1.8158211508515565,0.0924055798368676
84.0,23.486891264672266,84.55280855282017,2746.0,74.0,4.0,1382.3041144901608,98.10000000000001,1284.2040922212182,0.0,1382.304092221218,2.226894275736413e-05,4.453788551472826e-08,1.8275645964783254,0.09296113539242316
84.5,23.48689128450599,84.55280862422157,2746.0,74.0,4.0,1382.3041144901608,98.10000000000001,1284.2040946564375,0.0,1382.3040946564374,1.9833723399642622e-05,3.966744679928525e-08,1.8393080421156198,0.09351669094797872
85.0,23.486891302170797,84.55280868781487,2746.0,74.0,4.0,1382.3041144901608,98.10000000000001,1284.2040968253536,0.0,1382.3040968253536,1.7664807273831684e-05,3.532961454766337e-08,1.851051487762289,0.09407224650353427
85.5,23.48689131790387,84.55280874445393,2746.0,74.0,4.0,1382.3041144901608,98.10000000000001,1284.204098757088,0.0,1382.304098757088,1.5733072814327898e-05,3.146614562865579e-08,1.8627949334173077,0.09462780205908983
86.0,23.486891331916453,84.55280879489924,2746.0,74.0,4.0,1382.3041144901608,98.10000000000001,1284.2041004775776,0.0,1382.3041004775775,1.4012583278599777e-05,2.8025166557199556e-08,1.8745383790797627,0.09518335761464539
86.5,23.486891344396692,84.55280883982809,2746.0,74.0,4.0,1382.3041144901608,98.10000000000001,1284.2041020099234,0.0,1382.3041020099233,1.2480237501222291e-05,2.4960475002444582e-08,1.886281824748841,0.09573891317020095
87.0,23.486891355512153,84.55280887984375,2746.0,74.0,4.0,1382.3041144901608,98.10000000000001,1284.2041033746996,0.0,1382.3041033746995,1.1115461347799283e-05,2.2230922695598565e-08,1.8980252704238183,0.0962944687257565
87.5,23.486891365412085,84.55280891548351,2746.0,74.0,4.0,1382.3041144901608,98.10000000000001,1284.2041045902304,0.0,1382.3041045902303,9.899930546453106e-06,1.9799861092906214e-08,1.9097687161040495,0.09685002428131206
88.0,23.48689137422941,84.55280894722587,2746.0,74.0,4.0,1382.3041144901608,98.10000000000001,1284.2041056728372,0.0,1382.304105672837,8.817323760013096e-06,1.7634647520026192e-08,1.9215121617889597,0.09740557983686762
88.5,23.486891382082515,84.55280897549706,2746.0,74.0,4.0,1382.3041144901608,98.10000000000001,1284.204106637055,0.0,1382.304106637055,7.853105898902868e-06,1.5706211797805735e-08,1.9332556074780378,0.09796113539242317
89.0,23.486891389076845,84.55280900067665,2746.0,74.0,4.0,1382.3041144901608,98.10000000000001,1284.2041074958313,0.0,1382.3041074958312,6.994329623921658e-06,1.3988659247843315e-08,1.9449990531708277,0.09851669094797873
89.5,23.48689139530631,84.55280902310271,2746.0,74.0,4.0,1382.3041144901608,98.10000000000001,1284.204108260696,0.0,1382.304108260696,6.22946481598774e-06,1.2458929631975479e-08,1.9567424988669233,0.09907224650353429
90.0,23.48689140085455,84.55280904307638,2746.0,74.0,4.0,1382.3041144901608,98.10000000000001,1284.2041089419188,0.0,1382.3041089419187,5.54824214304972e-06,1.109648428609944e-08,1.9684859445659635,0.09962780205908985
