Time,Vehicle Speed (m/s),Vehicle Speed (Kmph),Motor Speed (RPM),Gradient (Degree),"Mode, Eco-1, Boost-2",Total Motor Torque (Nm),Total Number of Power Wheel (No),PerMotor Torque (Nm),PerMotor Power (Watts),Motoring Tractive Force F_Tractive (N),Froll (N),Fdrag (N),Fclimb (N),F_Load Resitance  (N),Net Force F_Net(N),Vehicle Acceleration (m/s),Motor Power (kW),Total Power (kW)
0.0,0.0,0.0,0.0,0,2,74.0,2,37.0,0.0,1313.1889087656527,29.400000000000002,0.0,0,29.400000000000002,1283.7889087656526,8.55859272510435,0.0,0.0
0.5,4.279296362552175,15.405466905187831,763.3357939831046,0,2,50.03982080119817,2,25.019910400599084,2000.0,887.9964550372194,29.400000000000002,4.263122131170429,0,33.66312213117043,854.333332906049,5.695555552706994,3.9999999999999996,4.0
1.0,7.127074138905672,25.65746690006042,1271.3190056678811,0,2,30.045319995816612,2,15.022659997908306,2000.0,533.1781213354226,29.400000000000002,11.825121141942587,0,41.22512114194259,491.95300019348,3.2796866679565335,4.0,4.0
1.5,8.76691747288394,31.560902902382182,1563.8323086267949,0,2,24.42537229301518,2,12.21268614650759,2000.0,433.447675508911,29.400000000000002,17.892741274934338,0,47.29274127493434,386.15493423397663,2.574366228226511,3.9999999999999996,4.0
2.0,10.054100586997194,36.1947621131899,1793.4385011334741,0,2,21.298297275269718,2,10.649148637634859,2000.0,377.9552399659178,29.400000000000002,23.532577474424816,0,52.93257747442482,325.022662491493,2.1668177499432866,3.9999999999999996,4.0
2.5,11.137509461968838,40.095034063087816,1986.6956872965739,0,2,19.226490793883123,2,9.613245396941561,2000.0,341.18938466232765,29.400000000000002,28.877475061591138,0,58.27747506159114,282.9119096007365,1.8860793973382435,4.0,4.0
3.0,12.08054916063796,43.48997697829665,2154.9139867909935,0,2,17.725619944087192,2,8.862809972043596,1999.9999999999998,314.55523664284533,29.400000000000002,33.97476015162004,0,63.37476015162004,251.1804764912253,1.674536509941502,3.9999999999999996,3.9999999999999996
3.5,12.91781741560871,46.50414269619136,2304.2649019970104,0,2,16.576733998313724,2,8.288366999156862,2000.0,294.16734094789325,29.400000000000002,38.847343794657526,0,68.24734379465752,225.91999715323573,1.506133314354905,4.0,4.0
4.0,13.670884072786162,49.21518266203019,2438.596036365072,0,2,15.663597320936734,2,7.831798660468367,2000.0,277.9630036922366,29.400000000000002,43.508713967380196,0,72.9087139673802,205.0542897248564,1.3670285981657093,4.0,4.0
4.5,14.354398371869017,51.67583413872846,2560.5205038441236,0,2,14.917742812334145,2,7.458871406167073,2000.0,264.7272216888613,29.400000000000002,47.96815728444819,0,77.36815728444819,187.3590644044131,1.2490604293627539,3.9999999999999996,4.0
5.0,14.978928586550394,53.92414291158142,2671.923460522246,0,2,14.295763672283107,2,7.147881836141553,2000.0000000000002,253.68970671320423,29.400000000000002,52.23294896997819,0,81.63294896997819,172.05675774322606,1.1470450516215072,4.000000000000001,4.000000000000001
5.5,15.552451112361148,55.98882400450013,2774.2277263445476,0,2,13.76858358790368,2,6.88429179395184,2000.0,244.33447644659336,29.400000000000002,56.30937865773438,0,85.70937865773438,158.62509778885897,1.0575006519257264,4.0,4.0
6.0,16.081201438324012,57.89232517796644,2868.5455804244116,0,2,13.315872197646401,2,6.657936098823201,2000.0,236.3007524390564,29.400000000000002,60.20326287467026,0,89.60326287467026,146.69748956438613,0.9779832637625742,4.0,4.0
6.5,16.5701930702053,59.65269505273908,2955.7713259557586,0,2,12.92291660272592,2,6.46145830136296,2000.0,229.32744258923225,29.400000000000002,63.92020849099933,0,93.32020849099933,136.0072340982329,0.9067148939882195,3.9999999999999996,4.0
7.0,17.02355051719941,61.28478186191788,3036.6406879816714,0,2,12.578763925949685,2,6.289381962974843,2000.0,223.2201793721436,29.400000000000002,67.46574696538809,0,96.8657469653881,126.3544324067555,0.8423628827117033,4.0,4.0
7.5,17.444731958555263,62.801035050798944,3111.7705324023027,0,2,12.27506525443136,2,6.13753262721568,2000.0,217.83080468234996,29.400000000000002,70.84539843430179,0,100.24539843430179,117.58540624804817,0.7839027083203212,3.9999999999999996,4.0
8.0,17.836683312715422,64.21205992577552,3181.6863486446164,0,2,12.00532741334692,2,6.00266370667346,2000.0,213.0440919636138,29.400000000000002,74.06469667838792,0,103.46469667838792,109.57939528522587,0.7305293019015058,4.0,4.0
8.5,18.201947963666175,65.52701266919823,3246.8418225181686,0,2,11.764412444468919,2,5.882206222234459,2000.0,208.76886405704332,29.400000000000002,77.12919211231346,0,106.52919211231347,102.23967194472985,0.6815978129648657,4.0,4.0
9.0,18.54274687014861,66.75388873253499,3307.633126000873,0,2,11.548193190409112,2,5.774096595204556,2000.0,204.93188126930113,29.400000000000002,80.0444426420758,0,109.4444426420758,95.48743862722533,0.6365829241815022,4.0,4.0
9.5,18.86103833223936,67.8997379960617,3364.4095783305697,0,2,11.353310425720652,2,5.676655212860326,2000.0,201.47353147067312,29.400000000000002,82.81599820122128,0,112.21599820122128,89.25753326945184,0.5950502217963456,4.0,4.0
10.0,19.158563443137535,68.97082839529513,3417.481753640699,0,2,11.176997887805195,2,5.588498943902597,2000.0,198.34472512922852,29.400000000000002,85.44938245795976,0,114.84938245795976,83.49534267126876,0.5566356178084584,4.0,4.0
10.5,19.436881252041765,69.97277250735036,3467.12775327248,0,2,11.016953818907343,2,5.508476909453671,1999.9999999999998,195.50461572125033,29.400000000000002,87.95007380524055,0,117.35007380524056,78.15454191600978,0.5210302794400652,4.0,3.9999999999999996
11.0,19.697396391761796,70.91062701034247,3513.5981339553946,0,2,10.871245055863808,2,5.435622527931904,2000.0,192.91889772748365,29.400000000000002,90.32348690193975,0,119.72348690193975,73.1954108255439,0.487969405503626,4.0,4.0
11.5,19.94138109451361,71.788971940249,3557.119834958527,0,2,10.738234334042398,2,5.369117167021199,2000.0,190.5585165836622,29.400000000000002,92.57495550589337,0,121.97495550589338,68.58356107776882,0.4572237405184588,4.0,4.0
12.0,20.169992964772838,72.61197467318222,3597.899348391014,0,2,10.616524433663415,2,5.308262216831707,2000.0,188.39867751251822,29.400000000000002,94.70971700467679,0,124.1097170046768,64.28896050784142,0.42859307005227615,3.9999999999999996,4.0
12.5,20.384289499798975,73.38344219927632,3636.1253093558785,0,2,10.504914735411393,2,5.252457367705697,1999.9999999999998,186.41807456852857,29.400000000000002,96.73289883548588,0,126.13289883548589,60.28517573304268,0.4019011715536179,3.9999999999999996,3.9999999999999996
13.0,20.585240085575784,74.10686430807283,3671.970635771604,0,2,10.402367047804121,2,5.201183523902061,2000.0,184.59828421737404,29.400000000000002,98.64950684776856,0,128.04950684776855,56.54877736960549,0.37699184913070327,4.0,4.0
13.5,20.773736010141135,74.78544963650809,3705.5943145380024,0,2,10.307978450905289,2,5.153989225452644,2000.0,182.92328342600243,29.400000000000002,100.46441557457582,0,129.86441557457582,53.05886785142661,0.3537257856761774,4.0,4.0
14.0,20.950598902979223,75.4221560507252,3737.1429069449546,0,2,10.220959511896314,2,5.110479755948157,1999.9999999999998,181.37906308060863,29.400000000000002,102.18236032398579,0,131.5823603239858,49.796702756622835,0.3319780183774856,3.9999999999999996,3.9999999999999996
14.5,21.116587912167965,76.01971648380467,3766.7518289234235,0,2,10.140616657766921,2,5.070308328883461,2000.0000000000002,179.95331517599652,29.400000000000002,103.80793096944663,0,133.20793096944664,46.745384206549886,0.3116358947103326,4.0,4.000000000000001
15.0,21.272405859523133,76.58066109428329,3794.5464489927476,0,2,10.06633779702294,2,5.03316889851147,1999.9999999999998,178.63517766133785,29.400000000000002,105.34556730025818,0,134.7455673002582,43.88961036107966,0.2925974024071977,3.9999999999999996,3.9999999999999996
15.5,21.41870456072673,77.10733641861623,3820.6430372588006,0,2,9.99758050400339,2,4.998790252001695,2000.0,177.41502476147267,29.400000000000002,106.79955578582411,0,136.19955578582412,41.21546897564855,0.2747697931709903,4.0,4.0
16.0,21.556089457312225,77.60192204632402,3845.149591662019,0,2,9.933862241636382,2,4.966931120818191,1999.9999999999998,176.28429347192977,29.400000000000002,108.17402760645786,0,137.57402760645786,38.71026586547191,0.2580684391031461,3.9999999999999996,3.9999999999999996
16.5,21.6851236768638,78.06644523670968,3868.1665622309015,0,2,9.874752218535617,2,4.937376109267809,2000.0,175.23533905662157,29.400000000000002,109.47295780713978,0,138.87295780713978,36.362381249481786,0.24241587499654524,4.0,4.0
17.0,21.806331614362072,78.50279381170347,3889.7874899182093,0,2,9.819864566138047,2,4.909932283069024,2000.0,174.26131397072058,29.400000000000002,110.70016543712701,0,140.100165437127,34.161148533593575,0.22774099022395716,4.0,4.0
17.5,21.92020210947405,78.91272759410658,3910.099573362159,0,2,9.768852589401053,2,4.884426294700527,2000.0,173.35606583470394,29.400000000000002,111.85931454658858,0,141.25931454658857,32.09675128811537,0.21397834192076914,3.9999999999999996,4.0
18.0,22.027191280434437,79.29788860956397,3929.1841743908035,0,2,9.72140389626229,2,4.860701948131145,2000.0,172.51405100274113,29.400000000000002,112.95391592071272,0,142.35391592071272,30.160135082028404,0.2010675672135227,4.0,4.0
18.5,22.127725064041197,79.65981023054832,3947.1172711034196,0,2,9.677236250793438,2,4.838618125396719,2000.0000000000002,171.7302609736061,29.400000000000002,113.9873294414513,0,143.3873294414513,28.342931532154807,0.18895287688103204,4.0,4.000000000000001
19.0,22.222201502481713,79.99992540893417,3963.9698657918316,0,2,9.6360940257614,2,4.8180470128807,2000.0000000000002,171.0001594385519,29.400000000000002,114.96276697685497,0,144.36276697685497,26.63739246169692,0.1775826164113128,4.000000000000001,4.000000000000001
19.5,22.31099281068737,80.31957411847453,3979.808353712668,0,2,9.597745154341826,2,4.798872577170913,2000.0,170.3196281870402,29.400000000000002,115.88329570754601,0,145.28329570754602,25.036332479494178,0.16690888319662786,4.0,4.0
20.0,22.394447252285683,80.62001010822846,3994.6948577174694,0,2,9.561978499624473,2,4.780989249812237,2000.0,169.68492042652022,29.400000000000002,116.7518418090949,0,146.1518418090949,23.533078617425332,0.15688719078283556,4.0,4.0
20.5,22.4728908476771,80.90240705163757,4008.687532937394,0,2,9.528601575505094,2,4.764300787752547,2000.0,169.09262033784074,29.400000000000002,117.57119441780347,0,146.97119441780347,22.121425920037268,0.14747617280024847,4.0,4.0
21.0,22.546628934077223,81.167864162678,4021.8408450616944,0,2,9.497438564471326,2,4.748719282235663,2000.0,168.5396078992828,29.400000000000002,118.34400981557668,0,147.74400981557667,20.795598083706125,0.13863732055804084,4.0,4.0
21.5,22.615947594356243,81.41741133968247,4034.2058252123966,0,2,9.468328587335733,2,4.734164293667867,2000.0,168.02302818159524,29.400000000000002,119.07281577715572,0,148.47281577715572,19.55021240443952,0.13033474936293013,3.9999999999999996,4.0
22.0,22.681114969037708,81.65201388853575,4045.8303039770794,0,2,9.44112418766224,2,4.72056209383112,1999.9999999999998,167.54026445293496,29.400000000000002,119.7600160299711,0,149.1600160299711,18.38024842296386,0.12253498948642573,3.9999999999999996,3.9999999999999996
22.5,22.74238246378092,81.87257686961132,4056.7591267981456,0,2,9.415689999865126,2,4.707844999932563,1999.9999999999998,167.08891454322372,29.400000000000002,120.40789478326644,0,149.80789478326645,17.281019759957275,0.11520679839971516,4.0,3.9999999999999996
23.0,22.79998586298078,82.07994910673081,4067.0343526154397,0,2,9.391901575036101,2,4.695950787518051,2000.0,166.66677000751451,29.400000000000002,121.01862128895141,0,150.4186212889514,16.2481487185631,0.10832099145708735,3.9999999999999996,4.0
23.5,22.854146358709322,82.27492689135356,4076.6954374076154,0,2,9.369644342709252,2,4.684822171354626,2000.0,166.27179770168425,29.400000000000002,121.59425440189773,0,150.99425440189773,15.277543299786515,0.10185028866524344,4.0,4.0
24.0,22.905071503041942,82.45825741095099,4085.7794040669523,0,2,9.348812690189222,2,4.674406345094611,2000.0,165.90212344437933,29.400000000000002,122.13674711212042,0,151.53674711212042,14.365376332258904,0.09576917554839269,4.0,4.0
24.5,22.952956090816137,82.6306419269381,4094.3209998648113,0,2,9.32930914388884,2,4.66465457194442,2000.0,165.55601748920017,29.400000000000002,122.64795102552395,0,152.04795102552396,13.508066463676215,0.0900537764245081,4.0,4.0
25.0,22.997982979028393,82.79273872450221,4102.352842614677,0,2,9.31104363946167,2,4.655521819730835,2000.0,165.2318815726222,29.400000000000002,123.12962077367358,0,152.52962077367357,12.702260798948629,0.08468173865965753,4.0,4.0
25.5,23.04032384835822,82.9451658540896,4109.905556511908,0,2,9.293932869463058,2,4.646966434731529,1999.9999999999998,164.92823733772195,29.400000000000002,123.58341833641045,0,152.98341833641044,11.944819001311515,0.0796321266754101,4.0,3.9999999999999996
26.0,23.080139911695927,83.08850368210534,4117.00789852008,0,2,9.277899698901582,2,4.638949849450791,2000.0,164.64371596267225,29.400000000000002,124.0109172641017,0,153.4109172641017,11.232798698570548,0.07488532465713699,4.0,4.0
26.5,23.117582574024496,83.22329726648819,4123.686876079926,0,2,9.262872640409116,2,4.631436320204558,2000.0000000000002,164.37704884721714,29.400000000000002,124.4136067889353,0,153.8136067889353,10.56344205828185,0.07042294705521233,4.0,4.000000000000001
27.0,23.152794047552103,83.35005857118757,4129.9678568359495,0,2,9.248785381908155,2,4.624392690954077,2000.0,164.12705923075256,29.400000000000002,124.79289581696811,0,154.1928958169681,9.93416341378446,0.0662277560918964,4.0,4.0
27.5,23.185907925598052,83.469268532153,4135.874671005508,0,2,9.235576360627107,2,4.617788180313553,2000.0000000000002,163.8926546328888,29.400000000000002,125.1501167946438,0,154.5501167946438,9.342537838244994,0.06228358558829996,4.0,4.000000000000001
28.0,23.2170497183922,83.58137898621192,4141.429706954082,0,2,9.223188378138127,2,4.611594189069064,1999.9999999999998,163.67282002198996,29.400000000000002,125.48652944524385,0,154.88652944524384,8.786290576746126,0.05857527051164084,3.9999999999999996,3.9999999999999996
28.5,23.24633735364802,83.68681447313287,4146.654000486898,0,2,9.21156825179284,2,4.60578412589642,2000.0000000000002,163.46661162962394,29.400000000000002,125.80332437224696,0,155.20332437224695,8.263287257376987,0.05508858171584658,4.000000000000001,4.000000000000001
29.0,23.27388164450594,83.7859739202214,4151.5673183201125,0,2,9.200666498528793,2,4.600333249264397,2000.0,163.27315133945575,29.400000000000002,126.10162652787298,0,155.501626527873,7.771524811582765,0.051810165410551764,4.0,4.0
29.5,23.299786727211217,83.87923221796038,4156.188236153257,0,2,9.190437047530873,2,4.595218523765436,2000.0,163.09162158819586,29.400000000000002,126.38249854620264,0,155.78249854620265,7.309123041993217,0.04872748694662145,4.0,4.0
30.0,23.32415047068453,83.96694169446431,4160.534211727969,0,2,9.180836978670266,2,4.590418489335133,2000.0,162.92126072399137,29.400000000000002,126.64694394121085,0,156.04694394121086,6.874316782780511,0.04582877855187007,4.0,4.0
30.5,23.347064859960465,84.04943349585767,4164.621653225278,0,2,9.17182628402107,2,4.585913142010535,2000.0,162.7613587743481,29.400000000000002,126.89591017084992,0,156.2959101708499,6.465448603498203,0.04310299068998802,4.0,4.0
31.0,23.36861635530546,84.12701887909965,4168.4659833246515,0,2,9.163367650079724,2,4.581683825039862,2000.0,162.6112535814416,29.400000000000002,127.13029156898973,0,156.53029156898972,6.080962012451863,0.040539746749679084,3.9999999999999996,4.0
31.5,23.3888862286803,84.19999042324908,4172.081699221761,0,2,9.15542625859412,2,4.57771312929706,2000.0000000000002,162.47032726767048,29.400000000000002,127.35093214757225,0,156.75093214757226,5.719395120098227,0.038129300800654846,4.0,4.000000000000001
32.0,23.407950879080627,84.26862316469025,4175.482428878555,0,2,9.147969604152742,2,4.573984802076371,2000.0,162.33800299863108,29.400000000000002,127.55862827179277,0,156.95862827179278,5.379374726838307,0.03586249817892205,4.0,4.0
32.5,23.425882128170088,84.33317566141231,4178.6809837579485,0,2,9.14096732689644,2,4.57048366344822,2000.0,162.21374201445437,29.400000000000002,127.754131211482,0,157.154131211482,5.059610802972372,0.033730738686482485,4.0,4.0
33.0,23.442747497513327,84.39389099104798,4181.689408276311,0,2,9.134391058899741,2,4.5671955294498705,2000.0,162.0970409037201,29.400000000000002,127.93814957215005,0,157.33814957215006,4.758891331570055,0.03172594221046703,4.0,4.0
33.5,23.45861046861856,84.45099768702681,4184.5190261895505,0,2,9.128214282929783,2,4.564107141464891,2000.0,161.98742909702173,29.400000000000002,128.11135160937272,0,157.51135160937272,4.4760774876490075,0.029840516584326716,3.9999999999999996,4.0
34.0,23.473530726910724,84.50471061687861,4187.180484112762,0,2,9.122412202431878,2,4.561206101215939,2000.0,161.88446655975667,29.400000000000002,128.2743674303616,0,157.6743674303616,4.210099129395076,0.028067327529300502,4.0,4.0
34.5,23.487564390675374,84.55523180643135,4189.6837923589555,0,2,9.116961621714266,2,4.558480810857133,1999.9999999999998,161.78774166590935,29.400000000000002,128.4277910866693,0,157.8277910866693,3.9599505792400578,0.02639967052826705,3.9999999999999996,3.9999999999999996
35.0,23.500764225939506,84.60275121338222,4192.038363269249,0,2,9.111840835413062,2,4.555920417706531,2000.0,161.6968692365188,29.400000000000002,128.57218256205124,0,157.97218256205124,3.724686674467563,0.024831244496450418,4.0,4.0
35.5,23.51317984818773,84.64744745347582,4194.25304719476,0,2,9.107029526414074,2,4.553514763207037,2000.0,161.61148872821997,29.400000000000002,128.70806965953463,0,158.10806965953464,3.503419068685332,0.02335612712456888,4.0,4.0
36.0,23.524857911750015,84.68948848230005,4196.336166279362,0,2,9.102508671492355,2,4.551254335746178,2000.0,161.53126255874238,29.400000000000002,128.83594979174623,0,158.23594979174624,3.2953127669961475,0.021968751779974316,4.0,4.0
36.5,23.53584228764,84.72903223550401,4198.295546182276,0,2,9.098260454004848,2,4.549130227002424,2000.0,161.4558745575719,29.400000000000002,128.95629167852502,0,158.35629167852503,3.0995828790468636,0.020663885860312425,4.0,4.0
37.0,23.54617423057016,84.76622723005258,4200.138545870027,0,2,9.09426818303743,2,4.547134091518715,2000.0,161.38502853115025,29.400000000000002,129.0695369557975,0,158.4695369557975,2.915491575352746,0.01943661050235164,4.0,4.0
37.5,23.555892535821336,84.80121312895682,4201.87208559866,0,2,9.090516218466167,2,4.5452581092330835,2000.0,161.31844693302776,29.400000000000002,129.17610169962703,0,158.57610169962703,2.7423452334007266,0.018282301556004844,3.9999999999999996,4.0
38.0,23.56503368659934,84.83412127175762,4203.50267319902,0,2,9.086989901444602,2,4.543494950722301,2000.0000000000002,161.25586963030463,29.400000000000002,129.27637786926874,0,158.67637786926875,2.5794917610358823,0.017196611740239214,4.0,4.000000000000001
38.5,23.57363199246946,84.86507517289006,4205.036428770547,0,2,9.083675489875086,2,4.541837744937543,2000.0,161.1970527585185,29.400000000000002,129.37073467296827,0,158.77073467296827,2.4263180855502355,0.016175453903668237,3.9999999999999996,4.0
39.0,23.581719719421294,84.89419098991667,4206.479107882076,0,2,9.080560098463632,2,4.540280049231816,1999.9999999999998,161.14176765787008,29.400000000000002,129.4595198601406,0,158.8595198601406,2.282247797729468,0.015214985318196454,3.9999999999999996,3.9999999999999996
39.5,23.58932721208039,84.92157796348941,4207.8361233718115,0,2,9.077631642994408,2,4.538815821497204,1999.9999999999998,161.08979988432955,29.400000000000002,129.5430609434565,0,158.94306094345652,2.1467389408730355,0.01431159293915357,3.9999999999999996,3.9999999999999996
40.0,23.596483008549967,84.94733883077988,4209.112565832654,0,2,9.074878788493187,2,4.537439394246594,2000.0,161.04094828975593,29.400000000000002,129.621666354249,0,159.021666354249,2.019281935506939,0.01346187957004626,4.0,4.0
40.5,23.60321394833499,84.97157021400596,4210.313222863565,0,2,9.07229090097857,2,4.536145450489285,1999.9999999999998,160.99502416568393,29.400000000000002,129.69562653453355,0,159.09562653453355,1.8993976311503786,0.012662650874335858,4.0,3.9999999999999996
41.0,23.609545273772156,84.99436298557977,4211.442597162535,0,2,9.069858002526328,2,4.534929001263164,1999.9999999999998,160.95185044590502,29.400000000000002,129.7652149688163,0,159.16521496881631,1.7866354770887085,0.01191090318059139,3.9999999999999996,3.9999999999999996
41.5,23.615500725362452,85.01580261130484,4212.504923531887,0,2,9.067570729396145,2,4.533785364698073,2000.0,160.9112609633932,29.400000000000002,129.8306891587414,0,159.2306891587414,1.6805718046518052,0.011203812031012035,4.0,4.0
42.0,23.62110263137796,85.03596947296066,4213.504184862227,0,2,9.065420292991558,2,4.532710146495779,2000.0,160.87309975750793,29.400000000000002,129.8922915435069,0,159.2922915435069,1.5808082140010242,0.010538721426673494,4.0,4.0
42.5,23.626371992091297,85.05493917152867,4214.444127157203,0,2,9.06339844344319,2,4.531699221721595,2000.0000000000002,160.83722042774968,29.400000000000002,129.95025036885738,0,159.3502503688574,1.4869700588922967,0.009913133725948644,4.0,4.000000000000001
43.0,23.631328558954273,85.07278281223539,4215.328273657288,0,2,9.061497435623057,2,4.530748717811528,2000.0000000000002,160.80348553065681,29.400000000000002,130.00478050734088,0,159.4047805073409,1.3987050233159266,0.00932470015543951,4.0,4.000000000000001
43.5,23.635990909031992,85.08956727251517,4216.1599381172555,0,2,9.059709997413428,2,4.529854998706714,2000.0,160.77176601671098,29.400000000000002,130.05608423240002,0,159.45608423240003,1.3156817843109536,0.008771211895406358,3.9999999999999996,4.0
44.0,23.640376514979696,85.1053554539269,4216.942237288559,0,2,9.058029300068192,2,4.529014650034096,2000.0000000000002,160.74194070437647,29.400000000000002,130.10435194875063,0,159.50435194875064,1.2375887556258363,0.008250591704172241,4.0,4.000000000000001
44.5,23.644501810831784,85.12020651899442,4217.678102654703,0,2,9.056448930517647,2,4.528224465258823,2000.0,160.71389578862608,29.400000000000002,130.14976288138868,0,159.5497628813887,1.1641329072373878,0.0077608860482492525,4.0,4.0
45.0,23.64838225385591,85.13417611388128,4218.370291464703,0,2,9.054962865479515,2,4.527481432739758,2000.0000000000002,160.68752438152097,29.400000000000002,130.19248572545584,0,159.59248572545584,1.0950386560651282,0.0073002577071008545,4.0,4.000000000000001
45.5,23.65203238270946,85.14731657775405,4219.021397106963,0,2,9.05356544724973,2,4.526782723624865,2000.0000000000002,160.66272608259854,29.400000000000002,130.23267925908735,0,159.63267925908735,1.030046823511185,0.0068669788234079,4.0,4.000000000000001
46.0,23.655465872121166,85.1596771396362,4219.63385886333,0,2,9.052251361056314,2,4.526125680528157,2000.0,160.63940657699914,29.400000000000002,130.27049292126276,0,159.67049292126276,0.9689136557363724,0.006459424371575816,4.0,4.0
46.5,23.658695584306955,85.17130410350504,4220.209971080573,0,2,9.051015613868756,2,4.525507806934378,2000.0,160.61747725942158,29.400000000000002,130.30606735657904,0,159.70606735657904,0.9114099028425358,0.006076066018950239,4.0,4.0
47.0,23.66173361731643,85.18224102233914,4220.751891794392,0,2,9.04985351456323,2,4.524926757281615,1999.9999999999998,160.59685488213913,29.400000000000002,130.339534928772,0,159.739534928772,0.8573199533671243,0.005715466355780829,3.9999999999999996,3.9999999999999996
47.5,23.66459135049432,85.19252886177955,4221.261650838759,0,2,9.048760655351737,2,4.5243803276758685,2000.0,160.57746122544486,29.400000000000002,130.37102020471605,0,159.77102020471605,0.806441020728812,0.005376273471525413,4.0,4.0
48.0,23.667279487230083,85.2022061540283,4221.741157471552,0,2,9.047732894389862,2,4.523866447194931,2000.0,160.55922278901247,29.400000000000002,130.40064041054686,0,159.80064041054686,0.7585823784656043,0.0050572158564373615,4.0,4.0
48.5,23.669808095158302,85.21130914256989,4222.192207545449,0,2,9.046766339484254,2,4.523383169742127,2000.0,160.54207050277253,29.400000000000002,130.42850586146392,0,159.82850586146392,0.7135646413086079,0.004757097608724052,3.9999999999999996,4.0
49.0,23.672186643962664,85.2198719182656,4222.616490251361,0,2,9.045857332826621,2,4.522928666413311,2000.0000000000002,160.525939456005,29.400000000000002,130.45472036669025,0,159.85472036669026,0.6712190893147465,0.004474793928764977,4.0,4.000000000000001
49.5,23.674424040927047,85.22792654733738,4223.01559445999,0,2,9.045002436686307,2,4.522501218343153,2000.0,160.51076864344273,29.400000000000002,130.47938161098713,0,159.87938161098714,0.6313870324555921,0.004209246883037281,4.0,4.0
50.0,23.676528664368565,85.23550319172683,4223.391014685573,0,2,9.044198419998443,2,4.522099209999221,2000.0,160.49650072726752,29.400000000000002,130.50258151404887,0,159.90258151404888,0.5939192132186406,0.003959461421457604,4.0,4.0
50.5,23.678508395079295,85.24263022228546,4223.744156694425,0,2,9.04344224578902,2,4.52172112289451,2000.0,160.4830818139579,29.400000000000002,130.52440656903025,0,159.92440656903025,0.558675244927656,0.0037245016328510397,4.0,4.0
51.0,23.68037064589572,85.2493343252246,4224.0763427795,0,2,9.042731059382467,2,4.521365529691233,2000.0,160.47046124502347,29.400000000000002,130.54493816139313,0,159.94493816139314,0.5255230836303326,0.0035034872242022176,4.0,4.0
51.5,23.68212238950782,85.25564060222815,4224.388816720941,0,2,9.04206217734104,2,4.52103108867052,2000.0,160.45859140072517,29.400000000000002,130.56425286919284,0,159.96425286919285,0.4943385315323212,0.003295590210215475,4.0,4.0
52.0,23.68377018461293,85.26157266460655,4224.682748451373,0,2,9.04143307708885,2,4.520716538544425,1999.9999999999998,160.44742751594575,29.400000000000002,130.5824227458652,0,159.9824227458652,0.4650047700805544,0.0031000318005370295,4.0,3.9999999999999996
52.5,23.685320200513196,85.26715272184751,4224.959238443576,0,2,9.040841387176615,2,4.520420693588307,1999.9999999999998,160.43692750742986,29.400000000000002,130.59951558651517,0,159.99951558651517,0.43741192091468406,0.0029160794727645604,3.9999999999999996,3.9999999999999996
53.0,23.686778240249577,85.27240166489848,4225.219321837092,0,2,9.04028487814617,2,4.520142439073085,2000.0,160.42705181166758,29.400000000000002,130.61559517865544,0,160.01559517865545,0.4114566330121363,0.002743044220080909,4.0,4.0
53.5,23.688149762359618,85.27733914449463,4225.463972319353,0,2,9.039761453956613,2,4.519880726978307,2000.0,160.41776323274453,29.400000000000002,130.63072153828705,0,160.03072153828705,0.38704169445747993,0.002580277963049866,4.0,4.0
54.0,23.689439901341142,85.28198364482812,4225.6941057759705,0,2,9.039269143936455,2,4.519634571968227,2000.0,160.40902679952634,29.400000000000002,130.644951132168,0,160.044951132168,0.3640756673583496,0.0024271711157223307,3.9999999999999996,4.0
54.5,23.690653486899002,85.2863525528364,4225.910583723953,0,2,9.038806095228544,2,4.519403047614272,2000.0,160.40080963158786,29.400000000000002,130.65833708706668,0,160.0583370870667,0.34247254452117204,0.0022831502968078134,4.0,4.0
55.0,23.691795062047404,85.29046222337065,4226.11421654077,0,2,9.038370565696798,2,4.519185282848399,2000.0,160.3930808133375,29.400000000000002,130.6709293867523,0,160.0709293867523,0.3221514265851795,0.00214767617723453,4.0,4.0
55.5,23.692868900136023,85.29432804048969,4226.305766501449,0,2,9.03796091726573,2,4.518980458632865,2000.0,160.38581127582165,29.400000000000002,130.68277505743234,0,160.08277505743234,0.30303621838930894,0.002020241455928726,4.0,4.0
56.0,23.69387902086399,85.29796447511036,4226.485950635142,0,2,9.037575609665693,2,4.518787804832846,2000.0,160.3789736857293,29.400000000000002,130.69391834230728,0,160.0939183423073,0.285055343422016,0.0019003689561467732,3.9999999999999996,4.0
56.5,23.694829205342064,85.30138513923143,4226.655443411886,0,2,9.037213194558612,2,4.518606597279306,2000.0,160.37254234114843,29.400000000000002,130.70440086587473,0,160.10440086587474,0.26814147527369414,0.001787609835157961,3.9999999999999996,4.0
57.0,23.69572301025964,85.3046028369347,4226.814879269706,0,2,9.036872310020462,2,4.518436155010231,2000.0,160.3664930736529,29.400000000000002,130.7142617885785,0,160.11426178857852,0.2522312850743731,0.0016815419004958206,4.0,4.0
57.5,23.69656378120989,85.3076296123556,4226.964854991528,0,2,9.036551675358426,2,4.518275837679213,1999.9999999999998,160.36080315632924,29.400000000000002,130.7235379523651,0,160.1235379523651,0.2372652039641423,0.0015817680264276154,4.0,3.9999999999999996
58.0,23.697354665223102,85.31047679480317,4227.105931940873,0,2,9.036250086242022,2,4.518125043121011,2000.0,160.35545121737428,29.400000000000002,130.73226401767732,0,160.13226401767733,0.22318719969695167,0.0014879146646463444,4.0,4.0
58.5,23.698098622555424,85.31315504119952,4227.238638164711,0,2,9.035966410128786,2,4.517983205064393,2000.0,160.35041715892046,29.400000000000002,130.74047259238486,0,160.14047259238487,0.20994456653559723,0.0013996304435706481,4.0,4.0
59.0,23.69879843777721,85.31567437599796,4227.363470371389,0,2,9.035699581966423,2,4.517849790983211,2000.0,160.34568208076692,29.400000000000002,130.74819435312295,0,160.14819435312296,0.19748772764395994,0.001316584850959733,4.0,4.0
59.5,23.69945673020269,85.31804422872969,4227.480895791062,0,2,9.035448600154416,2,4.517724300077208,2000.0,160.3412282087152,29.400000000000002,130.75545815948212,0,160.15545815948212,0.18577004923307072,0.001238466994887138,4.0,4.0
60.0,23.700075963700133,85.32027346932048,4227.591353925621,0,2,9.03521252274917,2,4.517606261374585,2000.0000000000002,160.33703882722625,29.400000000000002,130.7622911614686,0,160.1622911614686,0.17474766575764988,0.0011649844383843325,4.0,4.000000000000001
60.5,23.700658455919324,85.32237044130957,4227.695258194676,0,2,9.034990463897808,2,4.517495231948904,2000.0,160.33309821613568,29.400000000000002,130.76871890062836,0,160.16871890062836,0.16437931550731832,0.001095862103382122,3.9999999999999996,4.0
61.0,23.701206386971016,85.32434299309566,4227.792997483792,0,2,9.034781590486638,2,4.517390795243319,2000.0,160.3293915911778,29.400000000000002,130.77476540520678,0,160.17476540520678,0.1546261859710114,0.0010308412398067428,4.0,4.0
61.5,23.701721807590918,85.3261985073273,4227.884937600764,0,2,9.034585118991195,2,4.517292559495598,2000.0,160.3259050480872,29.400000000000002,130.78045327969352,0,160.18045327969352,0.14545176839368423,0.0009696784559578949,3.9999999999999996,4.0
62.0,23.702206646818897,85.32794392854804,4227.971422645427,0,2,9.034400312515602,2,4.517200156257801,2000.0,160.32262551005994,29.400000000000002,130.78580378908228,0,160.18580378908229,0.13682172097765033,0.0009121448065176689,4.0,4.0
62.5,23.702662719222158,85.32958578919977,4228.052776298122,0,2,9.034226478009693,2,4.517113239004846,2000.0,160.31954067836912,29.400000000000002,130.79083693815565,0,160.19083693815566,0.1287037402134672,0.000858024934756448,4.0,4.0
63.0,23.703091731689536,85.33113023408234,4228.129303031648,0,2,9.034062963653165,2,4.517031481826582,2000.0,160.31663898594456,29.400000000000002,130.79557154608787,0,160.19557154608788,0.121067439856688,0.0008071162657112533,4.0,4.0
63.5,23.703495289822392,85.33258304336061,4228.201289251265,0,2,9.033909156396593,2,4.5169545781982965,1999.9999999999998,160.31390955373624,29.400000000000002,130.80002531663993,0,160.20002531663994,0.11388423709630047,0.0007592282473086698,4.0,3.9999999999999996
64.0,23.703874903946048,85.33394965420577,4228.269004367007,0,2,9.033764479649797,2,4.5168822398248984,2000.0,160.3113421496923,29.400000000000002,130.80421490420758,0,160.2042149042076,0.10712724548471897,0.0007141816365647931,4.0,4.0
64.5,23.70423199476433,85.33523518115159,4228.332701802335,0,2,9.033628391108689,2,4.516814195554344,2000.0,160.30892715019513,29.400000000000002,130.808155975965,0,160.208155975965,0.10077117423011828,0.0006718078282007885,3.9999999999999996,4.0
65.0,23.70456789867843,85.33644443524236,4228.3926199429,0,2,9.03350038071221,2,4.516750190356105,2000.0000000000002,160.30665550380508,29.400000000000002,130.81186327033507,0,160.21186327033507,0.09479223347000243,0.0006319482231333495,4.0,4.000000000000001
65.5,23.704883872789996,85.33758194204398,4228.4489830289995,0,2,9.033379968721482,2,4.516689984360741,2000.0,160.3045186971739,29.400000000000002,130.81535065200208,0,160.2153506520021,0.08916804517181731,0.0005944536344787821,4.0,4.0
66.0,23.705181099607234,85.33865195858604,4228.502001995042,0,2,9.033266703913853,2,4.516633351956926,1999.9999999999998,160.30250872299644,29.400000000000002,130.81863116367145,0,160.21863116367146,0.08387755932497498,0.0005591837288331666,3.9999999999999996,3.9999999999999996
66.5,23.70546069147165,85.33965848929795,4228.55187525918,0,2,9.033160161884894,2,4.516580080942447,2000.0,160.30061804987827,29.400000000000002,130.82171707476672,0,160.22171707476673,0.07890097511153726,0.0005260065007435818,4.0,4.0
67.0,23.70572369472202,85.34060530099927,4228.59878946608,0,2,9.033059943451814,2,4.516529971725907,2000.0,160.29883959400294,29.400000000000002,130.82461992724626,0,160.22461992724627,0.0742196667566759,0.0004947977783778393,4.0,4.0
67.5,23.70597109361121,85.34149593700036,4228.642920185598,0,2,9.03296567315227,2,4.516482836576135,2000.0000000000002,160.2971666924923,29.400000000000002,130.82735057870872,0,160.22735057870872,0.06981611378358821,0.00046544075855725473,4.0,4.000000000000001
68.0,23.70620381399049,85.34233373036577,4228.684432569982,0,2,9.032876997832764,2,4.516438498916382,2000.0,160.2955930783564,29.400000000000002,130.829919242947,0,160.229919242947,0.06567383540939886,0.0004378255693959924,4.0,4.0
68.5,23.70642272677519,85.34312181639069,4228.723481972072,0,2,9.0327935853213,2,4.51639679266065,2000.0,160.29411285693874,29.400000000000002,130.8323355281023,0,160.2323355281023,0.061777328836427614,0.00041184885890951743,4.0,4.0
69.0,23.706628651204646,85.34386314433672,4228.760214526805,0,2,9.032715123179223,2,4.516357561589611,2000.0000000000002,160.29272048376666,29.400000000000002,130.83460847255887,0,160.23460847255888,0.05811201120778264,0.0003874134080518843,4.0,4.000000000000001
69.5,23.70682235790867,85.34456048847122,4228.794767698212,0,2,9.032641317527478,2,4.516320658763739,2000.0,160.2914107437224,29.400000000000002,130.8367465787142,0,160.23674657871422,0.054664165008176724,0.00036442776672117815,4.0,4.0
70.0,23.70700457179203,85.3452164584513,4228.827270793941,0,2,9.032571891942881,2,4.516285945971441,2000.0,160.29017873145648,29.400000000000002,130.83875784474893,0,160.23875784474893,0.05142088670754674,0.00034280591138364494,4.0,4.0
70.5,23.70717597474772,85.34583350909179,4228.857845449256,0,2,9.032506586420139,2,4.516253293210069,2000.0000000000002,160.28901983296802,29.400000000000002,130.84064979451563,0,160.24064979451563,0.04837003845238996,0.0003224669230159331,4.0,4.000000000000001
71.0,23.70733720820923,85.34641394955322,4228.8866060822975,0,2,9.032445156395744,2,4.516222578197872,2000.0,160.28792970828286,29.400000000000002,130.8424295056573,0,160.2424295056573,0.045500202625561315,0.00030333468417040874,4.0,4.0
71.5,23.707488875551313,85.34695995198473,4228.913660322337,0,2,9.032387371830007,2,4.516193685915003,2000.0,160.28690427516364,29.400000000000002,130.8441036360599,0,160.24410363605992,0.04280063910371723,0.00028533759402478155,4.0,4.0
72.0,23.707631544348324,85.34747355965396,4228.939109412611,0,2,9.032333016343754,2,4.516166508171877,2000.0,160.28593969378963,29.400000000000002,130.84567844873857,0,160.24567844873857,0.040261245051055994,0.00026840830034037327,4.0,4.0
72.5,23.707765748498495,85.34795669459459,4228.963048589253,0,2,9.032281886406443,2,4.516140943203221,1999.9999999999998,160.2850323523493,29.400000000000002,130.847159835249,0,160.247159835249,0.03787251710031114,0.0002524834473354076,3.9999999999999996,3.9999999999999996
73.0,23.707891990222162,85.34841116479978,4228.985567437729,0,2,9.032233790572597,2,4.516116895286299,2000.0,160.28417885349032,29.400000000000002,130.84855333771137,0,160.24855333771137,0.03562551577894624,0.00023750343852630825,4.0,4.0
73.5,23.708010741941425,85.34883867098914,4229.00675022813,0,2,9.032188548763694,2,4.516094274381847,1999.9999999999998,160.28337600157596,29.400000000000002,130.8498641695301,0,160.2498641695301,0.0335118320458605,0.00022341221363907,3.9999999999999996,3.9999999999999996
74.0,23.708122448048243,85.34924081297368,4229.026676230565,0,2,9.032145991592792,2,4.516072995796396,2000.0,160.28262079070004,29.400000000000002,130.85109723488492,0,160.25109723488492,0.031523555815113014,0.0002101570387674201,4.0,4.0
74.5,23.708227526567626,85.34961909564346,4229.045420011838,0,2,9.032105959729313,2,4.516052979864656,1999.9999999999998,160.28191039341468,29.400000000000002,130.8522571470676,0,160.2522571470676,0.029653246347066897,0.00019768830898044597,3.9999999999999996,3.9999999999999996
75.0,23.708326370722116,85.34997493459962,4229.063051714519,0,2,9.032068303301656,2,4.516034151650828,2000.0000000000002,160.28124215012897,29.400000000000002,130.85334824573096,0,160.25334824573096,0.027893904398013092,0.0001859593626534206,4.0,4.000000000000001
75.5,23.708419350403442,85.3503096614524,4229.079637319454,0,2,9.0320328813353,2,4.51601644066765,2000.0,160.2806135591378,29.400000000000002,130.85437461311668,0,160.25437461311668,0.026238946021123866,0.00017492630680749244,4.0,4.0
76.0,23.708506813556845,85.35062452880464,4229.095238892702,0,2,9.031999561224353,2,4.5159997806121766,2000.0,160.2800222672441,29.400000000000002,130.85534008932004,0,160.25534008932004,0.024682177924063353,0.00016454785282708903,4.0,4.0
76.5,23.708589087483258,85.35092071493973,4229.109914817812,0,2,9.031968218234498,2,4.515984109117249,2000.0,160.27946606093806,29.400000000000002,130.85624828665073,0,160.25624828665073,0.02321777428733185,0.00015478516191554567,4.0,4.0
77.0,23.708666480064217,85.35119932823119,4229.123720014328,0,2,9.031938735035512,2,4.515969367517756,2000.0,160.27894285810154,29.400000000000002,130.85710260314184,0,160.25710260314185,0.02184025495969877,0.00014560169973132513,4.0,4.0
77.5,23.70873928091408,85.3514614112907,4229.136706143314,0,2,9.031911001261562,2,4.515955500630781,2000.0,160.27845070020493,29.400000000000002,130.85790623525793,0,160.25790623525793,0.020544464946993912,0.00013696309964662608,4.0,4.0
78.0,23.708807762463906,85.35170794487006,4229.148921800697,0,2,9.031884913097642,2,4.515942456548821,1999.9999999999998,160.2779877449683,29.400000000000002,130.85866218985018,0,160.25866218985018,0.01932555511811529,0.0001288370341207686,3.9999999999999996,3.9999999999999996
78.5,23.708872180980965,85.35193985153147,4229.160412699131,0,2,9.031860372890588,2,4.515930186445294,1999.9999999999998,160.27755225945856,29.400000000000002,130.85937329540207,0,160.25937329540207,0.018178964056488667,0.00012119309370992444,4.0,3.9999999999999996
79.0,23.70893277752782,85.35215799910016,4229.171221839066,0,2,9.0318372887832,2,4.5159186443916,1999.9999999999998,160.2771426135965,29.400000000000002,130.860042212609,0,160.260042212609,0.017100400987516196,0.00011400267325010798,3.9999999999999996,3.9999999999999996
79.5,23.708989778864446,85.352363203912,4229.181389669677,0,2,9.031815574370126,2,4.515907787185063,2000.0,160.27675727405045,29.400000000000002,130.86067144432965,0,160.26067144432966,0.016085829720793754,0.00010723886480529169,4.0,4.0
80.0,23.70904339829685,85.35255623386865,4229.190954240237,0,2,9.031795148374165,2,4.515897574187083,2000.0,160.2763947984917,29.400000000000002,130.8612633449485,0,160.2612633449485,0.015131453543204998,0.00010087635695469998,4.0,4.0
80.5,23.709093836475326,85.35273781131117,4229.199951342506,0,2,9.031775934341828,2,4.515887967170914,2000.0,160.27605383019227,29.400000000000002,130.86182012918195,0,160.26182012918196,0.014233701010311961,9.489134006874641e-05,3.9999999999999996,4.0
81.0,23.70914128214536,85.3529086157233,4229.20841464468,0,2,9.03175786035696,2,4.51587893017848,2000.0,160.27573309294277,29.400000000000002,130.86234388036308,0,160.2623438803631,0.013389212579681953,8.926141719787969e-05,4.0,4.0
81.5,23.709185912853957,85.35306928627425,4229.216375817381,0,2,9.031740858771386,2,4.515870429385693,1999.9999999999998,160.27543138627237,29.400000000000002,130.8628365582348,0,160.2628365582348,0.012594828037578054,8.396552025052036e-05,4.0,3.9999999999999996
82.0,23.709227895614085,85.3532204242107,4229.2238646521855,0,2,9.031724865951556,2,4.515862432975778,2000.0,160.2751475809532,29.400000000000002,130.86330000628072,0,160.26330000628073,0.01184757467245845,7.898383114972299e-05,4.0,4.0
82.5,23.70926738752966,85.35336259510677,4229.2309091731,0,2,9.031709822040245,2,4.5158549110201225,2000.0000000000002,160.27488061477106,29.400000000000002,130.8637359586215,0,160.2637359586215,0.011144656149554066,7.429770766369378e-05,4.0,4.000000000000001
83.0,23.709304536383492,85.35349633098058,4229.237535741451,0,2,9.031695670732365,2,4.515847835366182,1999.9999999999998,160.27462948854736,29.400000000000002,130.86414604650219,0,160.2641460465022,0.010483442045170932,6.988961363447289e-05,4.0,3.9999999999999996
83.5,23.70933948119031,85.35362213228511,4229.243769154516,0,2,9.031682359064167,2,4.515841179532083,2000.0000000000002,160.27439326239823,29.400000000000002,130.8645318043945,0,160.2645318043945,0.009861458003740609,6.574305335827072e-05,4.0,4.000000000000001
84.0,23.709372352716986,85.35374046978116,4229.249632738337,0,2,9.031669837214864,2,4.515834918607432,1999.9999999999998,160.27417105221417,29.400000000000002,130.8648946757376,0,160.2648946757376,0.009276376476577752,6.184250984385169e-05,3.9999999999999996,3.9999999999999996
84.5,23.70940327397191,85.35385178629888,4229.255148435002,0,2,9.03165805832013,2,4.515829029160065,2000.0,160.27396202635032,29.400000000000002,130.86523601833807,0,160.26523601833807,0.008726008012246211,5.8173386748308075e-05,4.0,4.0
85.0,23.709432360665282,85.35395649839502,4229.260336884761,0,2,9.031646978296592,2,4.515823489148296,2000.0,160.27376540251225,29.400000000000002,130.8655571094498,0,160.26555710944982,0.008208293062438088,5.4721953749587255e-05,4.0,4.0
85.5,23.70945972164216,85.35405499791177,4229.2652175032645,0,2,9.031636555676801,2,4.515818277838401,2000.0,160.27358044482702,29.400000000000002,130.86585915055255,0,160.26585915055256,0.007721294274460888,5.147529516307259e-05,4.0,4.0
86.0,23.70948545928974,85.35414765344306,4229.26980855422,0,2,9.031626751453965,2,4.5158133757269825,1999.9999999999998,160.27340646108797,29.400000000000002,130.86614327184685,0,160.26614327184686,0.007263189241115242,4.842126160743495e-05,3.9999999999999996,3.9999999999999996
86.5,23.709509669920546,85.35423481171397,4229.274127217739,0,2,9.031617528935916,2,4.515808764467958,2000.0,160.27324280016347,29.400000000000002,130.8664105364826,0,160.2664105364826,0.006832263680877304,4.5548424539182026e-05,4.0,4.0
87.0,23.709532444132815,85.35431679887813,4229.2781896546285,0,2,9.031608853607747,2,4.515804426803873,2000.0,160.273088849559,29.400000000000002,130.8666619445366,0,160.2666619445366,0.006426905022408391,4.2846033482722606e-05,4.0,4.0
87.5,23.709553867149555,85.3543939217384,4229.282011066867,0,2,9.031600693002584,2,4.515800346501292,1999.9999999999998,160.27294403312402,29.400000000000002,130.86689843675447,0,160.26689843675447,0.006045596369546047,4.030397579697364e-05,4.0,3.9999999999999996
88.0,23.709574019137452,85.35446646889483,4229.285605754493,0,2,9.031593016580068,2,4.515796508290034,2000.0,160.27280780889555,29.400000000000002,130.8671208980702,0,160.2671208980702,0.005686910825346558,3.791273883564372e-05,4.0,4.0
88.5,23.70959297550687,85.35453471182473,4229.288987169117,0,2,9.031585795612006,2,4.515792897806003,2000.0,160.27267966706893,29.400000000000002,130.86733016091716,0,160.26733016091717,0.005349506151759442,3.566337434506295e-05,4.0,4.0
89.0,23.709610807194043,85.35459890589856,4229.29216796426,0,2,9.031579003074839,2,4.515789501537419,2000.0,160.2725591280896,29.400000000000002,130.86752700834282,0,160.26752700834282,0.005032119746772423,3.354746497848282e-05,3.9999999999999996,4.0
89.5,23.709627580926533,85.35465929133552,4229.295160042706,0,2,9.031572613548489,2,4.5157863067742445,1999.9999999999998,160.27244574085805,29.400000000000002,130.86771217693828,0,160.2677121769383,0.004733563919756989,3.1557092798379925e-05,3.9999999999999996,3.9999999999999996
90.0,23.70964335947293,85.35471609410256,4229.297974601041,0,2,9.031566603121197,2,4.515783301560599,1999.9999999999998,160.27233908104108,29.400000000000002,130.86788635959456,0,160.26788635959457,0.004452721446511987,2.9684809643413246e-05,3.9999999999999996,3.9999999999999996
